timestamp;step_count;X;Y;Z;Distance;degree;latitude;longitude;GpsAccuracy;indoor_outdoor_flag;TagName;gnss_geom;track;curv_absc;geometry;drift;AirTC_Avg;RH_Avg;WindDir;WS_ms_Avg;SR01Up_1_Avg;SR01Dn_1_Avg;Albedo_1_Avg;IR01UpCo_1_Avg;IR01DnCo_1_Avg;SR01Up_2_Avg;SR01Dn_2_Avg;Albedo_2_Avg;IR01UpCo_2_Avg;IR01DnCo_2_Avg;SR01Up_3_Avg;SR01Dn_3_Avg;Albedo_3_Avg;IR01UpCo_3_Avg;IR01DnCo_3_Avg;Temp_C_Avg(1);Temp_C_Avg(2);sensorFamily;timedelta_in_s;T_mrt;T_mrt_SRUp;T_mrt_SRDn;T_mrt_IRUp;T_mrt_IRDn;T_mrt_SRright;T_mrt_SRleft;T_mrt_SRfront;T_mrt_SRback;T_mrt_IRright;T_mrt_IRleft;T_mrt_IRfront;T_mrt_IRback;T_mrt_SRlat;T_mrt_IRlat;PET;UTCI;lat_cor;lon_cor;epoch;sun_alti;sun_azim
2023-05-09 15:22:16.603;126;28.75;-11.53;-4.3;146.65;96.0;47.206708;-1.557099;7.47;I;508.0;POINT (355238.52991749893 6688441.813527856);5;0.0;POINT (355238.36255334894 6688440.797429158);1.029789942626138;15.82;81.3;157.0;2.72;1.506;0.769;0.511;403.0;403.8;3.611;-1.063;-0.294;402.8;403.4;-0.321;-0.618;1.925;404.0;403.4;16.96;16.59;cr1000x;0.603;17.39097184225733;-0.0005982653385398894;-0.0011518005583104414;1.04338327043619;1.0418336913216806;0.024676736772734114;-0.0072642955384703296;0.010291654826845078;0.005255167703747586;3.814375078092963;3.8200568681794964;3.816269008121808;3.823844728237186;0.032959263764856445;15.274545682631452;11.477000000000004;10.953216233827265;47.20669878065499;-1.5571004330627503;1683645736;41.017680956435505;200.83887609407785
2023-05-09 15:22:18.758;127;29.71;-11.78;-4.3;147.64;131.0;47.206703;-1.557099;7.45;I;;POINT (355238.4978826826 6688441.259065658);5;0.019474671121174614;POINT (355239.52922442893 6688440.226893196);1.4591250092390742;15.82;81.5;129.0;1.97;2.221;0.534;0.24;402.9;403.9;3.426;-0.803;-0.234;402.7;403.4;-0.401;-0.653;1.626;403.9;403.4;16.88;16.58;cr1000x;0.758;17.400883179110963;-0.0007476896375829928;-0.0012175594347673174;1.0435770904210104;1.0422852148448516;0.023422636477101133;-0.005489894072128492;0.015184377003981793;0.003650813741614713;3.8150808264735083;3.8217124544311236;3.816975577318541;3.8264493315437056;0.03676793315056915;15.280218189766881;12.064000000000007;13.274094184271926;47.2066942586504;-1.5570846113373378;1683645738;41.0119882003851;200.83039509729883
2023-05-09 15:22:20.611;128;30.71;-12.36;-4.3;148.8;109.0;47.206696;-1.557096;7.62;I;;POINT (355238.6797431008 6688440.469720156);5;0.03894934224234923;POINT (355240.6958955088 6688439.656357231);2.1740353675614816;16.02;81.5;111.0;1.97;3.007;0.29;0.096;402.8;404.2;3.131;-0.47;-0.15;402.9;403.2;-0.505;-0.648;1.282;404.1;403.7;16.89;16.56;cr1000x;0.611;17.429963058398073;-0.0009428002415897171;-0.0012097713991091816;1.045420113996075;1.0443853007181774;0.021432992158806233;-0.003217344718824315;0.020584160786180247;0.001985170145657556;3.8218241385954017;3.82466987510962;3.820875559757329;3.8341556634903484;0.04078497837181972;15.301525236952699;12.240000000000004;13.463545870451904;47.20668973664362;-1.5570687896145852;1683645740;41.00709304312135;200.82310362423001
2023-05-09 15:22:22.947;129;31.67;-12.97;-4.22;149.94;117.0;47.20669;-1.557103;7.83;I;;POINT (355238.1123132467 6688439.834928539);5;0.05842401336352385;POINT (355241.86256658885 6688439.085821269);3.824338090472223;16.02;81.5;220.0;0.78;4.028;0.077;0.019;402.7;404.3;2.979;-0.021;-0.007;403.1;403.1;-0.57;-0.732;1.285;404.2;403.9;16.95;16.57;cr1000x;0.947;17.467510772751154;-0.0010658921366584076;-0.0013688299018139551;1.0473899588676905;1.046612578888323;0.020425859313543487;-0.00014398893775911825;0.02761844958541563;0.0005279594384501003;3.829978407236704;3.829978407236704;3.8261778828931297;3.8413799802674258;0.048428279399650095;15.327514677633964;14.02200000000001;16.965342005103814;47.2066852146347;-1.5570529678944922;1683645742;41.000921466012734;200.81391256192722
2023-05-09 15:22:24.518;130;32.71;-13.65;-4.22;151.18;122.0;47.206685;-1.557096;7.97;I;;POINT (355238.6092665516 6688439.249903325);5;0.07789868448469846;POINT (355243.02923766896 6688438.515285308);4.480603565278702;15.92;81.4;103.0;1.18;5.045;-0.152;-0.03;402.7;404.4;3.043;0.324;0.106;403.2;403.0;-0.525;-0.682;1.298;404.4;404.1;16.85;16.61;cr1000x;0.518;17.510641043776616;-0.0009835828277950096;-0.0012777209305832316;1.0498722957646063;1.049093458749944;0.020903789203036417;0.0022257074274675648;0.03465646287522797;-0.0010441590400465117;3.838108808255178;3.8362049844415598;3.833349248721131;3.8495317511368894;0.056741800465685444;15.35719479255476;13.158000000000005;15.832440370446335;47.206680692623614;-1.5570371461770565;1683645744;40.99677083682146;200.80773225911355
2023-05-09 15:22:26.236;131;33.76;-14.43;-4.22;152.48;136.0;47.206679;-1.557092;8.02;I;;POINT (355238.8731037749 6688438.567084128);5;0.09737335560587308;POINT (355244.1787666457 6688437.914708886);5.345619884987849;15.92;81.3;34.0;0.53;5.903;-0.37;-0.063;402.7;404.5;3.528;0.579;0.164;403.4;403.1;-0.273;-0.486;1.781;404.6;404.4;16.8;16.59;cr1000x;0.236;17.57462971444056;-0.0005128803067121316;-0.0009130396668941241;1.0533020980264602;1.0527814346067734;0.024302636071897924;0.003988442824724744;0.04066282900578612;-0.002548745846542583;3.8506530975305777;3.8477894487223;3.8439712503112626;3.8611531431609287;0.06640516205586622;15.403566939725069;14.713000000000005;17.474717532894104;47.20667589171296;-1.5570215276553283;1683645746;40.99223149232199;200.8009741236305
2023-05-09 15:22:28.123;132;34.79;-14.98;-4.22;153.66;131.0;47.206677;-1.557092;8.11;I;;POINT (355238.86028986814 6688438.345299249);5;0.1168480267270477;POINT (355245.2634720226 6688437.200533183);6.504708375603018;15.81;81.3;68.0;0.66;7.174;-0.473;-0.066;402.8;404.5;4.358;0.942;0.216;403.7;403.2;0.119;-0.183;-1.534;404.9;404.8;16.76;16.5;cr1000x;0.123;17.674512306894428;0.0002245250820854129;-0.0003452780674086602;1.0586182420683334;1.0583567902920756;0.03014925317930119;0.0065168876766640025;0.04963073481145176;-0.0032722801179002896;3.8700963427618746;3.865303060197146;3.861468434145363;3.8777655948654406;0.08302459554951666;15.474633431969824;14.260000000000003;17.158538949822187;47.2066700361378;-1.5570066775198448;1683645748;40.98724554875335;200.79355225702952
2023-05-09 15:22:30.414;133;35.65;-15.53;-4.22;154.68;115.0;47.206671;-1.55708;8.48;I;;POINT (355239.72868522 6688437.627551009);5;0.1363226978482223;POINT (355246.34817739914 6688436.486357476);6.717142204198781;15.81;81.2;78.0;0.53;8.33;-0.431;-0.052;402.9;404.7;5.869;1.228;0.209;403.9;403.4;0.803;0.234;0.292;405.7;406.0;16.78;16.54;cr1000x;0.414;17.81730086606308;0.0015243167245282262;0.0004441969035362453;1.0671817048334251;1.067970845852528;0.0408502961472884;0.008547310217902566;0.057979718334795094;-0.002999910996674272;3.8956384819689633;3.8908159535188904;3.885993425068817;3.9033545274890797;0.10437741370331179;15.57580238804575;14.727000000000004;17.479354650054304;47.20666418056071;-1.5569918273875945;1683645750;40.981191732223806;200.78454243428044
2023-05-09 15:22:31.761;134;36.8;-16.02;-4.22;155.93;100.0;47.206669;-1.557076;8.54;I;;POINT (355240.0181503841 6688437.388301622);5;0.15579736896939692;POINT (355247.43288277567 6688435.772181767);7.5888141247954835;15.82;81.2;105.0;0.25;8.97;0.14;0.016;403.1;404.9;8.1;1.306;0.161;404.3;403.7;1.933;0.68;0.352;405.2;406.2;16.79;16.6;cr1000x;-0.239;17.969515468413192;0.0036929841115687905;0.0012991356419383227;1.0727257757353068;1.07537317399724;0.05674165965524732;0.009148716976512717;0.06283613421081094;0.000980720043424028;3.924591430098413;3.91876715392216;3.912942877745907;3.930415706274666;0.12970723088599498;15.686717168041145;16.094000000000015;18.00875019284817;47.20665832498171;-1.5569769772585755;1683645751;40.97763218389497;200.77924563753288
2023-05-09 15:22:34.237;135;37.98;-16.17;-4.22;157.11;79.0;47.206673;-1.557046;8.71;I;;POINT (355242.3108707446 6688437.70088808);5;0.17527204009057154;POINT (355248.5983698444 6688435.298350295);6.7308864746480745;15.82;81.2;106.0;0.33;9.97;0.775;0.078;403.4;405.3;10.17;1.956;0.192;404.6;404.0;3.391;1.253;0.37;405.3;407.5;16.83;16.56;cr1000x;0.237;18.174696474721486;0.0065340167450421306;0.0024143683224823916;1.082188093340611;1.0880622946861558;0.07185298862359807;0.013819512856220042;0.0704399504992402;0.005475522731886775;3.9611697740124385;3.9552955726668935;3.9494213713213484;3.968023008915574;0.16158797471094508;15.833909726916254;15.729000000000003;17.964183205097612;47.20665467150079;-1.5569612448576706;1683645754;40.971088795659355;200.7695103440338
2023-05-09 15:22:35.681;136;39.06;-16.25;-4.22;158.2;96.0;47.206675;-1.557034;8.76;I;;POINT (355243.23052155715 6688437.870279889);5;0.19474671121174617;POINT (355249.8942267468 6688435.212399255);7.174210501482715;15.81;81.2;53.0;0.61;11.9;1.227;0.103;403.3;405.5;12.33;3.177;0.258;405.1;404.6;5.926;2.113;0.357;405.0;409.3;16.8;16.62;cr1000x;-0.31899999999999995;18.426875668210016;0.011537070266230047;0.0041137073021505375;1.0926035519233581;1.1042040340795813;0.0880173720445934;0.02267892870930034;0.08494782865617692;0.008758906366481436;4.007202212119898;4.002256270115307;3.9893968209033694;4.0111589657235704;0.20440303577655208;16.010014268862147;14.685000000000004;17.52118071050431;47.20665457188479;-1.5569440885948256;1683645755;40.96727263545533;200.7638336022801
2023-05-09 15:22:38.196;137;40.28;-16.33;-4.22;159.42;72.0;47.206676;-1.557012;8.95;I;;POINT (355244.899462983 6688437.885118716);5;0.21422138233292076;POINT (355251.1900836493 6688435.126448215);6.868927958802658;15.81;81.2;132.0;0.8;11.57;2.826;0.244;402.9;406.1;14.35;2.732;0.19;404.9;405.1;9.85;2.691;0.273;404.3;410.9;16.78;16.63;cr1000x;0.196;18.570922615514576;0.019288297430803552;0.0052695236940398325;1.0970719204837796;1.1149810836675365;0.1030341031963567;0.019615970030135647;0.0830734894760869;0.020290897256648364;4.02856676283511;4.030556669855528;4.008667692630936;4.040506204957616;0.22601445995922761;16.10829733027919;14.191000000000008;17.128284922721914;47.20665447226626;-1.5569269323320443;1683645758;40.96062553925131;200.75394739015815
2023-05-09 15:22:39.862;138;41.31;-15.89;-4.22;160.54;48.0;47.206703;-1.556961;9.14;I;;POINT (355248.9265032353 6688440.656546901);5;0.2336960534540954;POINT (355251.79429677833 6688435.953076661);5.508799515951696;15.81;81.2;290.0;1.13;6.839;6.798;0.994;403.6;406.3;13.42;3.221;0.24;404.0;405.1;10.99;2.473;0.225;403.6;410.6;16.81;16.62;cr1000x;-0.138;18.533512989570966;0.02148831732567614;0.00483536021350292;1.0935271449972186;1.1124931757578245;0.09621187150792573;0.023092283019897828;0.049030774161155304;0.04873683327204763;4.0135733666729765;4.024501412968373;4.009599531656469;4.036422918017897;0.21707176196102648;16.084097229315713;13.467000000000004;16.22736812961374;47.20666221553657;-1.5569195933643736;1683645759;40.95622208133688;200.74739932376997
2023-05-09 15:22:41.749;139;40.75;-14.72;-4.22;161.85;326.0;47.206713;-1.55694;8.97;I;;POINT (355250.5775347245 6688441.673785388);5;0.25317072457527;POINT (355252.0618357261 6688437.223925041);4.690885477874477;15.82;81.1;340.0;0.97;3.177;9.72;3.059;403.7;405.8;10.13;4.791;0.473;404.0;405.0;8.97;1.955;0.218;403.8;409.7;16.74;16.59;cr1000x;-0.251;18.41752119722645;0.017456675545507182;0.0038046600547900268;1.0889529252615904;1.104863827339459;0.07228529751155205;0.03418744919820788;0.022670324797058328;0.06935963394000848;3.9948050188727984;4.004693150107633;3.9918385795023483;4.012603655095499;0.19850270544682674;16.003940403578277;13.752000000000006;16.63842422788147;47.20667377652169;-1.5569170331994178;1683645761;40.951234371426324;200.73998359961817
2023-05-09 15:22:43.618;140;39.78;-14.02;-4.22;163.04;195.0;47.206714;-1.556865;8.83;I;;POINT (355256.2516693959 6688441.457231212);5;0.2726453956964446;POINT (355252.3002689802 6688438.490905635);4.940916177223533;15.82;81.3;332.0;1.77;1.329;9.99;7.515;403.5;405.7;7.252;5.4;0.745;404.1;404.7;6.509;1.462;0.225;404.0;408.5;16.7;16.54;cr1000x;-0.382;18.25574849297334;0.012583920145663317;0.0028265004229466534;1.0823226360605185;1.0943782099770343;0.051408023652371286;0.03827955429161679;0.009421023639547908;0.07081717543949105;3.969498638244729;3.9753924743816915;3.9636048021077652;3.985215534609964;0.16992577702302705;15.89371144934415;12.487000000000004;14.183522744459273;47.20668528763064;-1.5569148539550166;1683645763;40.946293850295184;200.73263923150643
2023-05-09 15:22:45.860;141;39.09;-13.65;-4.22;163.83;359.0;47.206715;-1.556815;6.98;I;;POINT (355260.0365614207 6688441.349828915);5;0.2921200668176192;POINT (355251.7101162609 6688439.647777479);8.49862742385112;15.9;81.2;326.0;2.45;0.502;9.5;18.91;403.4;405.5;5.155;5.431;1.054;404.2;404.4;4.402;0.991;0.225;404.3;407.5;16.67;16.49;cr1000x;-0.14;18.11297017738144;0.008460443152797668;0.0019046567842849816;1.0767639552397659;1.0852864500623411;0.036328140919233066;0.03827315874536465;0.0035376773504277397;0.06694807734873214;3.947157966680722;3.949111038410895;3.9393456797600277;3.9598529329268497;0.1450870543637576;15.795467617778495;11.895000000000003;12.070146420105024;47.20669537885944;-1.5569235188560682;1683645765;40.94036724933351;200.72383056725286
2023-05-09 15:22:47.795;142;38.2;-12.79;-4.22;165.06;333.0;47.206716;-1.556796;5.37;I;;POINT (355261.4787924428 6688441.377769996);5;0.31159473793879383;POINT (355251.1199635415 6688440.80464932);10.374671248409685;15.92;81.2;339.0;2.4;0.157;8.62;54.85;403.2;405.0;3.443;5.419;1.574;404.3;404.0;2.725;0.503;0.184;404.4;406.6;16.63;16.48;cr1000x;-0.20499999999999996;17.96476062470441;0.005205057518793558;0.0009607867640195082;1.070394496871356;1.0762176123340588;0.024113901334467086;0.03795330564376333;0.001099588297854003;0.06037230017516882;3.9238093026178547;3.9208977448865037;3.913133590936233;3.9306029373243416;0.12353909545125323;15.688443575764932;11.916000000000002;12.194137113034172;47.20670547008756;-1.5569321837603696;1683645767;40.93525176418365;200.7162288338053
2023-05-09 15:22:49.364;143;37.06;-12.15;-4.22;166.37;84.0;47.206719;-1.55677;5.29;I;;POINT (355263.4628243949 6688441.596935545);5;0.33106940905996846;POINT (355250.0220691484 6688441.36619923);13.44273561604978;15.93;81.1;334.0;2.48;0.086;7.559;87.4;403.0;404.5;2.146;4.981;2.321;404.1;403.5;1.537;0.063;0.041;404.4;405.7;16.63;16.5;cr1000x;-0.636;17.805990735904288;0.002916253634980068;0.00011953414378903338;1.0632521432162483;1.066670114992166;0.014929751313671547;0.034652885038862054;0.0005983031747324105;0.05258806625351501;3.895699061828673;3.889914801900196;3.885094585293133;3.8995552351143234;0.10276900578078102;15.570263684136323;11.829;11.904556358566156;47.2067099470617;-1.5569470915476589;1683645769;40.93110366644586;200.71006559614773
2023-05-09 15:22:51.153;144;35.86;-11.48;-4.22;167.74;20.0;47.206722;-1.556758;5.39;I;;POINT (355264.3888803249 6688441.877223085);5;0.3505440801811431;POINT (355248.78656561853 6688441.766403828);15.602708261773245;15.82;81.1;337.0;2.45;0.085;6.432;75.68;402.9;404.1;1.151;4.535;3.94;403.9;403.2;0.646;-0.333;-0.516;404.2;405.0;16.8;16.54;cr1000x;-0.847;17.6738658888915;0.001218816704292035;-0.0006282754837914051;1.0567588246762394;1.0588503809843566;0.007962558458741723;0.03137289540433859;0.0005880256029479118;0.044496243272481986;3.87190646722255;3.8651960574006736;3.8623201674770122;3.873823727171658;0.0844197227385102;15.473246419271893;11.726000000000004;11.846213062118505;47.206712902447784;-1.5569636912943423;1683645771;40.9263737492097;200.7030389131237
2023-05-09 15:22:52.955;145;34.69;-10.94;-4.22;169.04;315.0;47.206727;-1.556744;5.29;I;;POINT (355265.47888848913 6688442.370564098);5;0.3700187513023177;POINT (355247.5510620888 6688442.1666084295);17.92898651220964;15.82;81.1;337.0;2.45;0.085;6.432;75.68;402.9;404.1;1.151;4.535;3.94;403.9;403.2;0.646;-0.333;-0.516;404.2;405.0;16.8;16.54;cr1000x;0.955;17.6738658888915;0.001218816704292035;-0.0006282754837914051;1.0567588246762394;1.0588503809843566;0.007962558458741723;0.03137289540433859;0.0005880256029479118;0.044496243272481986;3.87190646722255;3.8651960574006736;3.8623201674770122;3.873823727171658;0.0844197227385102;15.473246419271893;11.726000000000004;11.846213062118505;47.20671585783149;-1.556980291042848;1683645772;40.92160925175363;200.6959619581658
2023-05-09 15:22:54.706;146;33.58;-10.34;-4.22;170.29;333.0;47.206728;-1.556745;4.88;I;;POINT (355265.40972525906 6688442.4858223675);5;0.38949342242349233;POINT (355246.29904330894 6688442.493438411);19.110683467755972;15.81;81.1;332.0;2.3;0.144;5.39;37.52;403.1;404.1;0.467;4.29;9.18;404.2;403.0;0.116;-0.588;-5.055;404.2;404.5;16.76;16.55;cr1000x;0.706;17.619798038920067;0.0002183515269816549;-0.0011068163609070092;1.0543098102192778;1.0550923261595693;0.0032231948106458664;0.029609219995012346;0.0009938759159164982;0.03720132768604115;3.865802637470686;3.854325737013079;3.855282145384546;3.864846229099219;0.07102761840761586;15.44025674896753;11.820000000000006;12.281793661550571;47.20671814516456;-1.556997052699155;1683645774;40.916979428102245;200.6890860974473
2023-05-09 15:22:56.659;147;32.58;-9.79;-4.22;171.44;91.0;47.206724;-1.556754;5.62;I;;POINT (355264.7039720929 6688442.0815447625);5;0.4089680935446669;POINT (355245.0112184492 6688442.661187701);19.70128249649066;15.81;81.1;341.0;3.25;0.083;4.625;55.91;403.7;403.9;0.098;4.071;41.51;405.6;402.9;-0.182;-0.736;4.039;404.5;404.5;16.66;16.48;cr1000x;0.659;17.646374165643863;-0.0003429773339566263;-0.0013869852625938294;1.0562975010823523;1.0562975010823523;0.0006771603772989803;0.028129794856981107;0.0005735133807736261;0.03195782392865085;3.88362334637744;3.8577708241012587;3.8654308307016088;3.8673458323516967;0.06133829254370456;15.474170833532005;11.212000000000009;9.539695039132127;47.20671898412538;-1.5570141653785714;1683645776;40.911815215909485;200.6814178322042
2023-05-09 15:22:58.630;148;31.9;-9.02;-4.22;172.46;352.0;47.206716;-1.556767;6.43;I;;POINT (355263.6703140222 6688441.2511606645);5;0.4284427646658415;POINT (355243.765328883 6688442.89030393);19.972361503781233;16.03;81.3;312.0;2.78;-0.705;4.04;-5.727;406.1;403.7;-0.322;2.766;-8.6;407.3;404.4;-0.707;-1.006;1.423;406.3;405.5;16.73;16.85;cr1000x;0.63;17.79503402368624;-0.0013408152420803416;-0.0019078644038653802;1.067751133302739;1.065648743672805;-0.0022391172029460494;0.01923415584890923;-0.00490241499402784;0.02809327173882621;3.924723441247241;3.896779179082701;3.9131602982826044;3.89003401235333;0.04018589539076155;15.624696930965879;11.709000000000003;11.12230551045538;47.20672039640993;-1.5570307717435168;1683645778;40.90660307785841;200.67367971550703
2023-05-09 15:23:00.297;149;31.75;-8.33;-4.22;173.17;9.0;47.206707;-1.55679;6.74;I;;POINT (355261.874551933 6688440.353542715);5;0.44791743578701615;POINT (355243.1411099983 6688444.029155754);19.0906253940579;15.92;81.2;5.0;0.42;-1.673;3.254;-1.945;409.1;404.1;-0.73;0.782;-1.07;408.7;406.8;-1.161;-1.232;1.061;408.0;406.6;16.83;17.14;cr1000x;0.297;17.985392614945624;-0.0022195586259836707;-0.0023552939080205702;1.0808570466584195;1.0771482234591014;-0.005117156407306597;0.005481666178785971;-0.01172740091701909;0.0228098999306516;3.9699420136129544;3.951486202930634;3.973827447440812;3.925259524592599;0.01144700878511188;15.820515188576998;15.295000000000005;17.816216885061277;47.206730307980955;-1.5570398722325987;1683645780;40.90219473699579;200.6671359717697
2023-05-09 15:23:15.376;150;31.68;-7.34;-4.22;174.17;62.0;47.206678;-1.556947;6.6;I;509.0;POINT (355249.8243105483 6688437.823111549);5;0.4673921069081908;POINT (355242.51689111354 6688445.168007578);10.36078551470178;15.87;81.3;16.0;0.64;-2.001;0.942;-0.471;412.7;407.2;-1.261;0.06;-0.048;411.7;409.4;-1.831;-1.623;0.886;411.9;408.9;17.27;18.37;cr1000x;-0.624;18.415766170879635;-0.0035630876963621246;-0.003158324047621916;1.110717599647041;1.1026278866124668;-0.00899755860845422;0.0004281153977059899;-0.014277648513494763;0.006721411743984042;4.070653713297366;4.047912631100174;4.080541140339623;4.026160291607208;-0.01612567998025895;16.225267776344374;14.628000000000002;17.497109071896155;47.20674021955122;-1.5570489727250336;1683645795;40.86230954040502;200.6079731537299
2023-05-09 15:23:17.436;151;31.13;-6.25;-4.22;175.4;357.0;47.206682;-1.556941;7.28;I;;POINT (355250.30335603777 6688438.240485368);5;0.4871183251703338;POINT (355241.95326216205 6688446.356623462);11.64455947203976;15.86;81.3;10.0;0.61;-1.88;0.867;-0.461;412.7;408.1;-1.266;0.288;-0.228;412.3;409.7;-1.828;-1.638;0.896;412.8;409.6;17.38;18.53;cr1000x;-0.5640000000000001;18.51074547406489;-0.003570940976478089;-0.0031997819034305843;1.1174288074690923;1.1087665686515025;-0.009068002195192172;0.0020628630586219158;-0.01346591163267084;0.006210077332726392;4.092276219730761;4.066469966586691;4.096246412522156;4.05058919542111;-0.014260973436514699;16.305581794260718;14.75;17.587950679868882;47.20675060985027;-1.5570573120321505;1683645797;40.85685953662733;200.5998949863012
2023-05-09 15:23:19.606;152;30.61;-5.11;-4.22;176.64;41.0;47.206685;-1.55693;8.0;I;;POINT (355251.15384345286 6688438.525136844);5;0.5068445434324769;POINT (355241.38963321026 6688447.545239346);13.29293236293579;15.95;81.4;2.0;0.58;-1.762;0.844;-0.479;412.7;408.8;-1.15;0.396;-0.344;412.6;410.1;-1.712;-1.578;0.922;413.6;410.1;17.43;18.69;cr1000x;-0.394;18.58966596771154;-0.003354964416039071;-0.003092367902166854;1.1231516054735873;1.1136471794117944;-0.008263298259909315;0.002845448792107904;-0.01266081002953062;0.006064542375098663;4.108265535624133;4.08337299117658;4.109261237402034;4.070428868063852;-0.012014117122233372;16.3713286322666;14.944000000000003;17.743847090252228;47.20676100014865;-1.5570656513424894;1683645799;40.85111809835511;200.59138639650163
2023-05-09 15:23:21.577;153;30.2;-4.13;-4.22;177.71;13.0;47.206687;-1.556916;8.0;I;;POINT (355252.22463330004 6688438.685798073);5;0.52657076169462;POINT (355240.8516088017 6688448.740846946);15.180569622843832;15.95;81.4;359.0;0.53;-1.698;0.933;-0.55;412.7;409.4;-1.04;0.252;-0.242;412.6;410.8;-1.704;-1.567;0.919;414.1;410.6;17.52;18.78;cr1000x;-0.42300000000000004;18.654584526911833;-0.003347967437963461;-0.003078793999582596;1.1274325256361915;1.1179033929635842;-0.007492321496537949;0.0018154471318534264;-0.012232655674155228;0.0067214768810287566;4.118944909323368;4.100975687712165;4.119943199412878;4.086999626459008;-0.011188053157810993;16.426863422907417;15.143000000000006;17.867641988442948;47.206771466582;-1.5570736582903528;1683645801;40.845902879646324;200.58365902257484
2023-05-09 15:23:23.479;154;29.97;-3.02;-4.22;178.85;19.0;47.206688;-1.556902;8.0;I;;POINT (355253.28901639296 6688438.735567039);5;0.5462969799567631;POINT (355240.73292094097 6688450.050960874);16.902475282339537;15.96;81.4;0.0;0.48;-1.62;0.96;-0.593;412.8;410.0;-1.073;0.002;-0.001;412.7;411.4;-1.696;-1.525;0.899;414.4;411.0;17.64;18.81;cr1000x;-0.521;18.712045132729145;-0.0033398819457530803;-0.003003136773156514;1.1308336135196042;1.121555538505206;-0.007747764663074609;1.4441313444687063e-05;-0.01169746389019652;0.00693183045344979;4.129380112045486;4.116372614721379;4.130380688762725;4.102364540680032;-0.012498956786376652;16.47849795620962;15.363000000000008;17.990496517436316;47.2067831799203;-1.5570762219452678;1683645803;40.84087008745205;200.5762031928565
2023-05-09 15:23:25.410;155;29.89;-1.76;-4.22;180.1;33.0;47.206687;-1.556876;8.0;I;;POINT (355255.24742306117 6688438.511160032);5;0.5660231982189061;POINT (355240.6142330801 6688451.3610748025);19.47435643749579;15.96;81.4;3.0;0.52;-1.516;0.904;-0.596;413.0;410.7;-1.264;-0.189;0.149;412.8;411.9;-1.747;-1.479;0.847;414.7;411.0;17.87;18.82;cr1000x;-0.5900000000000001;18.76430534012701;-0.003447453211204689;-0.0029185937603730594;1.1340003935611962;1.1238827146217787;-0.009145848015376835;-0.0013675358187549224;-0.010969229107050065;0.006541017884415079;4.1389510385681865;4.129927162757355;4.140956344303927;4.117895328342912;-0.014941595056766748;16.52772987397238;15.229000000000005;17.931474428185208;47.20679489325848;-1.5570787856012982;1683645805;40.835760286958234;200.56863452797626
2023-05-09 15:23:27.525;156;29.76;-0.5;-4.22;181.37;46.0;47.206686;-1.556866;8.0;I;;POINT (355255.99671387934 6688438.356608304);5;0.5857494164810493;POINT (355240.49554521963 6688452.671188734);21.09960764178263;15.97;81.4;4.0;0.39;-1.372;0.703;-0.512;413.2;411.4;-1.36;-0.408;0.3;413.0;412.3;-1.729;-1.385;0.801;414.8;411.1;18.03;18.91;cr1000x;-0.475;18.81530323405542;-0.0034188160828629455;-0.0027386120733170496;1.136562144787576;1.126424054296462;-0.009860321688766082;-0.0029580965066298244;-0.00994732452719637;0.005096916284707761;4.1493103694711975;4.142277640031415;4.151319720739706;4.133235559323125;-0.017668826437884515;16.576143289565444;15.797000000000004;18.192308474196707;47.20680660659657;-1.5570813492584443;1683645807;40.83016322336626;200.56034557028823
2023-05-09 15:23:29.188;157;29.71;0.75;-4.22;182.63;36.0;47.206685;-1.55686;10.29;I;;POINT (355256.4437257354 6688438.2195203295);5;0.6054756347431923;POINT (355240.3768573587 6688453.981302661);22.507288634927058;15.96;81.4;10.0;0.48;-1.231;0.442;-0.359;413.4;412.0;-1.339;-0.655;0.489;413.4;412.5;-1.618;-1.28;0.791;415.1;411.3;18.09;18.95;cr1000x;-0.812;18.867094395965296;-0.0032058628241300358;-0.002536158476444033;1.1397060290901344;1.1292726807149416;-0.009727884947797959;-0.004758599433015432;-0.008943260919148087;0.0032111464876226274;4.161807754504519;4.1527472151260625;4.161807754504519;4.147713582138031;-0.020218598812338846;16.624076306273132;15.423000000000007;18.043350193859656;47.20681831993452;-1.5570839129167073;1683645809;40.8257621463235;200.5538288651477
2023-05-09 15:23:31.028;158;29.65;1.99;-4.22;183.87;61.0;47.206681;-1.556878;11.87;I;;POINT (355255.057843654 6688437.854537159);5;0.6252018530053354;POINT (355240.2581694981 6688455.291416591);22.87083556364121;15.91;81.4;359.0;0.44;-1.097;0.222;-0.202;413.4;412.4;-1.284;-0.837;0.652;413.8;412.7;-1.507;-1.207;0.801;415.4;411.4;18.16;18.98;cr1000x;-0.972;18.905713501903676;-0.002990459979192081;-0.002395146114721196;1.1422598948674745;1.1312607625143933;-0.00934245891309643;-0.006090060833537158;-0.007981836002855751;0.0016152849522643362;4.172154220396222;4.161063428606864;4.168121205200092;4.158038667209767;-0.021799070797225005;16.65937752141295;15.570000000000002;18.097018533061135;47.206830033272375;-1.5570864765760855;1683645811;40.82089246348066;200.5466193782727
2023-05-09 15:23:32.828;159;29.56;3.27;-4.22;185.15;63.0;47.206679;-1.556892;12.2;I;;POINT (355253.98705376615 6688437.693875422);5;0.6449280712674784;POINT (355240.13948163734 6688456.601530517);23.43618303137079;15.91;81.4;359.0;0.44;-1.097;0.222;-0.202;413.4;412.4;-1.284;-0.837;0.652;413.8;412.7;-1.507;-1.207;0.801;415.4;411.4;18.16;18.98;cr1000x;0.828;18.905713501903676;-0.002990459979192081;-0.002395146114721196;1.1422598948674745;1.1312607625143933;-0.00934245891309643;-0.006090060833537158;-0.007981836002855751;0.0016152849522643362;4.172154220396222;4.161063428606864;4.168121205200092;4.158038667209767;-0.021799070797225005;16.65937752141295;15.570000000000002;18.097018533061135;47.20684174661013;-1.5570890402365798;1683645812;40.81612840053313;200.53956736407244
2023-05-09 15:23:34.764;160;29.46;4.51;-4.22;186.39;41.0;47.206677;-1.556904;9.94;I;;POINT (355253.0674033255 6688437.524481955);5;0.6646542895296215;POINT (355240.0207937765 6688457.911644446);24.204347030726566;15.92;81.4;5.0;0.39;-0.952;0.053;-0.056;413.4;412.7;-1.212;-0.883;0.729;414.2;412.8;-1.429;-1.116;0.781;415.7;411.5;18.22;18.98;cr1000x;0.764;18.94245683440522;-0.002839760184127178;-0.0022177553292413795;1.144730240213354;1.1331645269372026;-0.008831276597803485;-0.006434007620346929;-0.006936778317746632;0.00038618618785774315;4.182198637206386;4.168062765424423;4.174120996188122;4.16705306029714;-0.021815876348039304;16.69143545911607;15.817000000000002;18.20317620065384;47.20685345994776;-1.5570916038981912;1683645814;40.81100406411632;200.5319832724635
2023-05-09 15:23:36.752;161;29.39;5.84;-4.22;187.72;38.0;47.206676;-1.556923;8.0;I;;POINT (355251.6251712247 6688437.496542907);5;0.6843805077917646;POINT (355239.902105916 6688459.221758378);24.686337260710467;15.91;81.4;359.0;0.45;-0.803;-0.089;0.111;413.4;412.9;-1.138;-0.895;0.786;414.4;412.8;-1.342;-1.06;0.79;415.9;411.6;18.27;18.97;cr1000x;0.752;18.964242409504777;-0.0026691414077749283;-0.0021082637050979314;1.1462561572799497;1.1344049875845814;-0.008299133666797454;-0.006526998797700986;-0.005856067077713845;-0.0006490535117266901;4.187780770493647;4.171611732769733;4.177675121916201;4.172622297627478;-0.021331253053938973;16.70968992280706;15.551000000000007;18.098886780018354;47.20686517328531;-1.5570941675609185;1683645816;40.80574187773805;200.52419647419748
2023-05-09 15:23:38.545;162;29.28;7.06;-4.22;188.95;43.0;47.206683;-1.556944;11.87;I;;POINT (355250.08305353776 6688438.364475807);5;0.7041067260539077;POINT (355239.7834180552 6688460.531872304);24.443321347304302;15.96;81.4;352.0;0.42;-0.66;-0.174;0.264;413.3;413.1;-1.053;-0.89;0.845;414.4;412.9;-1.297;-0.987;0.761;415.9;411.7;18.31;19.03;cr1000x;0.545;18.9781459200247;-0.002581039467524087;-0.001964137204661738;1.1468781640125232;1.1352963215291074;-0.007683418183585583;-0.006494057154217634;-0.004815817664925437;-0.001269624657116706;4.190053236222398;4.174886537732211;4.178930990662928;4.176908764197569;-0.02026291765984536;16.720779528815104;15.720000000000002;18.190046645208252;47.2068768866227;-1.557096731224761;1683645818;40.80099554200864;200.51717415466248
2023-05-09 15:23:40.392;163;29.14;8.19;-4.22;190.09;36.0;47.206683;-1.556944;11.87;I;;POINT (355250.08305353776 6688438.364475807);5;0.7238329443160507;POINT (355239.6647301945 6688461.841986233);25.68530624801737;15.87;81.3;357.0;0.44;-0.532;-0.217;0.409;413.3;413.3;-0.942;-0.843;0.895;414.3;412.9;-1.217;-0.914;0.751;415.7;411.7;18.39;19.03;cr1000x;0.392;18.98790899201697;-0.002422760872697071;-0.0018195591106369125;1.1467630519271828;1.1357285265297599;-0.006876101934507545;-0.006153454278970127;-0.00388331871460511;-0.0015839852651678738;4.190636882806311;4.176475908546284;4.180521901192007;4.180521901192007;-0.01849686019325066;16.72815659373661;15.575000000000005;18.094746246801943;47.20688859996002;-1.55709929488972;1683645820;40.796106161445884;200.5099413271956
2023-05-09 15:23:42.329;164;28.96;9.3;-4.22;191.21;29.0;47.206704;-1.556935;34.24;I;;POINT (355250.8977226541 6688440.653923368);5;0.7435591625781939;POINT (355239.54604233376 6688463.152100163);25.199773909485906;15.87;81.3;5.0;0.37;-0.393;-0.233;0.594;413.4;413.4;-0.821;-0.79;0.962;414.3;413.0;-1.103;-0.819;0.742;415.7;411.7;18.46;19.0;cr1000x;0.329;19.00951743872929;-0.002197662248379139;-0.0016318090493404483;1.1477284687885918;1.136684653837535;-0.005997911080420672;-0.005771436971415751;-0.002871107252868848;-0.001702208625746671;4.194164823037648;4.181004276887639;4.185053675703026;4.185053675703026;-0.01634266393045194;16.745276451331335;15.905999999999993;18.222894881283324;47.20690031329722;-1.5571018585557954;1683645822;40.79097827834692;200.5023569172128
2023-05-09 15:23:44.263;165;28.9;10.31;-4.22;192.22;34.0;47.20672;-1.556917;27.42;I;;POINT (355252.36048490985 6688442.34961503);5;0.7632853808403369;POINT (355239.427354473 6688464.462214089);25.617043156513443;16.12;81.5;9.0;0.38;-0.244;-0.245;1.004;413.4;413.4;-0.706;-0.724;1.025;414.2;413.1;-0.983;-0.723;0.735;415.6;411.6;18.54;19.03;cr1000x;0.263;19.017975321456788;-0.0019592138881927503;-0.00144100879060362;1.1478299857214356;1.136782536388217;-0.005159462548560495;-0.005291006919486967;-0.001783157028114392;-0.0017904650487214184;4.194532387667634;4.1833928762566375;4.186430924823273;4.186430924823273;-0.014024091544883273;16.750787113570816;16.026999999999983;18.380034819242987;47.20691202663431;-1.5571044222229873;1683645824;40.78585802420236;200.49478504915854
2023-05-09 15:23:46.418;166;28.78;11.47;-4.22;193.39;41.0;47.206736;-1.556908;15.47;I;;POINT (355253.14311930205 6688444.084600649);5;0.78301159910248;POINT (355239.3086666123 6688465.772328019);25.724494157793465;16.11;81.5;12.0;0.37;-0.115;-0.257;2.234;413.4;413.5;-0.604;-0.666;1.104;414.1;413.3;-0.873;-0.637;0.73;415.7;411.7;18.62;19.04;cr1000x;0.418;19.037148832705896;-0.0017412703452144862;-0.0012705489231404669;1.1489620357232728;1.1379063509917522;-0.004417334926920598;-0.004870769969087944;-0.0008410488685362066;-0.0018795613844678704;4.196645793379104;4.188538291242656;4.189551729009711;4.190565166776767;-0.012008715149012618;16.76530098040824;16.07699999999999;18.3962260507928;47.206923739971295;-1.5571069858912947;1683645826;40.78015237637922;200.48634897745694
2023-05-09 15:23:48.354;167;28.7;12.58;-4.22;194.51;103.0;47.206744;-1.556903;12.0;I;;POINT (355253.57222118013 6688444.9499105215);5;0.8027378173646231;POINT (355239.18997875147 6688467.082441946);26.395034467737887;16.02;81.4;356.0;0.37;-0.019;-0.242;12.87;413.5;413.8;-0.504;-0.597;1.184;414.0;413.3;-0.845;-0.607;0.718;415.7;411.7;18.67;19.08;cr1000x;0.354;19.057113993567214;-0.001686728558726374;-0.0012116499824223776;1.1498526965455234;1.138788441587183;-0.003688845416007503;-0.0043695252249136484;-0.0001390636168732987;-0.0017712313307020149;4.198884756690172;4.191785193091905;4.193813639834266;4.196856309947811;-0.009968665588496465;16.781339899564152;16.024000000000004;18.340366945272788;47.206935453308155;-1.5571095495607186;1683645828;40.775026261608;200.47877110278273
2023-05-09 15:23:50.511;168;28.19;13.64;-4.22;195.68;63.0;47.206751;-1.556899;13.34;I;;POINT (355253.91934661235 6688445.70869392);5;0.8224640356267661;POINT (355239.07129089074 6688468.392555876);27.111295652350915;16.02;81.3;331.0;0.55;-0.063;-0.268;4.242;413.3;414.2;-0.476;-0.39;0.82;413.8;413.1;-0.865;-0.566;0.654;415.6;411.7;18.71;19.1;cr1000x;0.511;19.053067942781695;-0.0017263801551224206;-0.0011296314078604508;1.149395680751134;1.1386097251329208;-0.0034833628101044295;-0.0028540157477746383;-0.00046103331310205694;-0.0019612210779579565;4.196197673759235;4.189099224335282;4.191127352742125;4.200253930572921;-0.008759632948939082;16.77667818140956;15.270000000000003;18.00634009316804;47.206947166644916;-1.5571121132312586;1683645830;40.76931479906773;200.47032939736897
2023-05-09 15:23:52.099;169;27.02;13.92;-4.22;196.88;80.0;47.206772;-1.556888;18.1;I;;POINT (355254.88515281805 6688447.98941018);5;0.8421902538889092;POINT (355238.6578337582 6688469.35277518);26.827583715973656;16.01;81.3;345.0;0.54;-0.047;-0.327;6.912;413.3;414.5;-0.495;-0.219;0.442;413.7;413.0;-0.836;-0.508;0.608;415.6;411.7;18.74;19.15;cr1000x;0.099;19.06067965512284;-0.0016689941695323034;-0.0010141734905770455;1.149735060751703;1.1389459203837249;-0.003623474183853027;-0.0016031128207349757;-0.0003440470437193783;-0.002393689006302909;4.196422313893788;4.18932176852341;4.192364859396429;4.204537222888507;-0.00796432305461029;16.782646164702133;15.302000000000008;18.022256792369568;47.206955582149995;-1.5571182979489426;1683645832;40.76510972949373;200.46411518179582
2023-05-09 15:23:54.155;170;25.86;13.98;-4.22;198.05;282.0;47.206786;-1.556884;17.59;I;;POINT (355255.27712458 6688449.524440884);5;0.8619164721510523;POINT (355237.34658914706 6688469.247310098);26.65512466550447;15.97;81.3;1.0;0.55;0.013;-0.317;-24.76;413.4;414.3;-0.488;-0.117;0.24;413.7;413.1;-0.787;-0.452;0.575;415.5;411.6;18.77;19.17;cr1000x;0.155;19.064384365283274;-0.0015713960360526154;-0.0009025044578091259;1.1496235276646685;1.1388328375133034;-0.0035727462607075136;-0.0008565805584073342;9.517561760081491e-05;-0.0023208208291891023;4.1970251001553205;4.1909380441724995;4.19398157216391;4.2031121561381415;-0.006654972030703135;16.78505687262987;15.239000000000004;17.97641384806057;47.206953953350464;-1.557135511393253;1683645834;40.759665153833176;200.45607049111288
2023-05-09 15:23:55.869;171;24.65;14.37;-4.22;199.31;219.0;47.206789;-1.556884;15.73;I;;POINT (355255.29634456453 6688449.857118266);5;0.8816426904131953;POINT (355236.03534453595 6688469.141845015);27.255949953354886;16.01;81.2;358.0;0.58;0.107;-0.273;-2.561;413.6;414.3;-0.456;-0.102;0.223;413.7;413.2;-0.75;-0.406;0.541;415.5;411.7;18.77;19.21;cr1000x;-0.131;19.082930573443548;-0.0014985947878097862;-0.0008112393118010308;1.1504498101046041;1.1399282474610481;-0.0033408673136239497;-0.0007472992675211467;0.000783931584556497;-0.002000124510130128;4.200041677371057;4.194965484867587;4.199026438870363;4.20613310837522;-0.005304359506718728;16.800166709484227;15.169000000000006;17.944186840553638;47.20695232454838;-1.5571527248365202;1683645835;40.75512597757215;200.44936466675506
2023-05-09 15:23:58.255;172;23.48;14.82;-4.22;200.56;344.0;47.206789;-1.556884;15.73;I;;POINT (355255.29634456453 6688449.857118266);5;0.9013689086753385;POINT (355234.7240999247 6688469.036379932);28.12581247838786;16.02;81.2;354.0;0.54;0.25;-0.231;-0.923;413.8;414.3;-0.343;-0.083;0.241;413.8;413.6;-0.686;-0.339;0.495;415.5;411.7;18.79;19.22;cr1000x;0.255;19.12002478082445;-0.0013726820612749628;-0.0006783370536038081;1.1521010299166068;1.1415643658644212;-0.0025165837790040984;-0.0006089692526453067;0.0018342447368834536;-0.0016948421368803113;4.207086616906869;4.205053225598552;4.207086616906869;4.21217009517766;-0.0029861504316462625;16.831396554589947;15.331000000000008;18.045083790609226;47.20695069574373;-1.5571699382787476;1683645838;40.74880690111385;200.4400309956886
2023-05-09 15:24:00.096;173;22.47;15.21;-4.22;201.66;239.0;47.206793;-1.556884;64.43;I;;POINT (355255.3219712106 6688450.300688107);5;0.9210951269374815;POINT (355233.41285531345 6688468.930914848);28.759254299065894;16.01;81.2;347.0;0.53;0.349;-0.231;-0.662;414.2;414.6;-0.144;-0.094;0.655;414.0;414.0;-0.598;-0.285;0.477;415.6;411.9;18.94;19.26;cr1000x;0.096;19.182825464930772;-0.0011994935583408827;-0.0005716649901791833;1.1551701795534564;1.144885940707576;-0.001059084613384592;-0.000691346900403831;0.002566809236605713;-0.0016989482339711168;4.21931745082326;4.21931745082326;4.221355768432353;4.22543240365054;-0.0008825705111538271;16.885423073729417;15.386000000000006;18.079576684871576;47.20694906693651;-1.5571871517199307;1683645840;40.743930942646394;200.43283020385152
2023-05-09 15:24:04.385;174;22.15;15.43;-4.22;202.04;238.0;47.206876;-1.55697;55.06;I;;POINT (355249.354749114 6688459.880235508);5;0.9408213451996246;POINT (355232.1016107023 6688468.825449767);19.43418748380462;15.95;80.9;;0.04;0.545;-0.173;-0.318;414.6;414.8;0.228;0.08;0.349;414.5;414.7;-0.276;-0.016;0.059;415.7;412.3;18.87;19.18;cr1000x;0.385;19.284890077169678;-0.0005557813902678322;-3.2219211030019256e-05;1.1599750218235387;1.1504876148613064;0.0016834537763185061;0.0005906855355503531;0.004024045210936781;-0.0012773574706276384;4.240963925911656;4.243010229374097;4.241987077642877;4.244033381105319;0.005020827052178001;16.96999461403395;18.87300000000002;18.74460358670073;47.20694743812675;-1.557204365160074;1683645844;40.73257036872405;200.41605736485442
2023-05-09 15:24:17.876;175;21.19;15.22;-4.22;203.03;190.0;47.20682;-1.557961;36.56;I;;POINT (355174.1065692717 6688457.997444846);5;0.9605475634617677;POINT (355230.790366091 6688468.719984682);57.68904300100026;16.14;80.5;345.0;0.37;0.939;0.362;0.385;415.9;414.7;0.641;0.444;0.693;414.8;415.7;0.361;0.352;0.975;415.7;412.6;18.89;19.06;cr1000x;-0.124;19.44033315281115;0.0007312493762464335;0.0007130187823787939;1.1668419261356278;1.158140434745153;0.004760885828175072;0.0032977118685019223;0.006974214965142577;0.002688674991886702;4.26915751789884;4.2784203958306355;4.280478813148812;4.268128309239751;0.017721487653706274;17.09618503611804;16.257000000000012;18.51183989813385;47.206945809314426;-1.5572215785991732;1683645857;40.69682783032595;200.36332690995465
2023-05-09 15:24:20.126;176;20.45;14.64;-4.22;203.98;203.0;47.206807;-1.558008;33.39;I;;POINT (355170.47149578866 6688456.761092181);5;0.9802737817239108;POINT (355230.5260952977 6688467.666912563);61.036807259170665;16.14;80.5;349.0;0.36;0.992;0.424;0.427;417.6;414.7;0.599;0.493;0.823;415.1;417.1;0.473;0.417;0.881;415.5;413.0;18.92;19.1;cr1000x;0.126;19.578773202581147;0.0009631179187470243;0.0008490912729757064;1.1723655402664057;1.1653115959808076;0.004472152196352462;0.0036807529762967676;0.007406302134860838;0.0031655968802227776;4.294535333662604;4.315226903567025;4.32039979604313;4.290397019681719;0.018724804187732848;17.22055905295448;16.36400000000001;18.57487749388657;47.20693620733812;-1.557224261559338;1683645860;40.69086559229696;200.35453681797944
2023-05-09 15:24:22.101;177;20.12;14.21;-4.22;204.52;196.0;47.206807;-1.558008;33.39;I;510.0;POINT (355170.47149578866 6688456.761092181);5;1.0;POINT (355230.5514771302 6688466.351678333);60.84064020651505;16.19;80.4;304.0;0.12;1.016;0.45;0.443;419.6;414.7;0.582;0.527;0.906;416.1;419.2;0.583;0.477;0.819;415.6;413.3;18.93;19.16;cr1000x;0.101;19.783162475744007;0.0011961471474524008;0.0009786658479156005;1.1815858658338183;1.1750467717736215;0.004378349935957844;0.003964588344071794;0.007643305042840498;0.003385322115431323;4.337693829409665;4.370010221794115;4.37418007887598;4.323099329623139;0.01937156543830146;17.4049834597029;18.191000000000003;18.974936496511614;47.20692439953064;-1.5572229245616263;1683645862;40.685631775406236;200.3468220246137
